covariate,coef,exp(coef),se(coef),coef lower 95%,coef upper 95%,exp(coef) lower 95%,exp(coef) upper 95%,cmp to,z,p,-log2(p)
AGE,0.059190701563670435,1.0609775515271496,0.014940517823834126,0.029907824718576805,0.08847357840876406,1.0303595558942378,1.0925053864983916,0.0,3.961757032895166,7.440023066326052e-05,13.714333380304765
PRIOR_SURGERY,-0.7426598891743991,0.47584653167969393,0.44225072076893035,-1.6094553740183826,0.12413559566958454,0.19999650771363406,1.132169377856381,0.0,-1.679273439923749,0.09309876485136369,3.4250941622122766
TRANSPLANT_STATUS,-1.6612104112248989,0.18990897297540033,0.275884070354487,-2.201933253028008,-1.12048756942179,0.11058915474913632,0.32612074934819046,0.0,-6.0214075031240055,1.7290682446940303e-09,29.107358042068743
